Episode,TotalReward,Steps,AvgReward,AvgSteps,Epsilon,BestNetworkLen,Loss
50,-10.0,15,-7.928937728937728,14.86,0.778312557068642,13,0.0166
100,-10.0,15,-8.936630036630037,14.88,0.6057704364907278,12,0.1477
150,-10.0,15,-8.97948717948718,14.96,0.47147873742168567,12,0.0445
